id;name;author;access_url;file_id;created_by;created_date;last_modified_by;last_modified_date
1012321;Навчальна програма дисципліни “ВИЩА МАТЕМАТИКА” (для бакалаврів);Юртин І.І.;https://drive.google.com/file/d/1o2YNCyzNVj0t-12k6uotgYE2ZV9rhJ7S/view?usp=drivesdk;18ObCzYC5o4XYXHm0XpJgHBLmsRQ9A3mX;kramarchuk;2020-03-29T12:50:00;;
1012322;Об’єктно - орієнтовані бази даних;Гайдаржи В.І.;https://drive.google.com/file/d/1oP8Jto3nM8mcPqFngIIR4eibH5hCvNMO/view?usp=drivesdk;1oP8Jto3nM8mcPqFngIIR4eibH5hCvNMO;gaidar;2020-04-29T12:50:00;;
1012323;Проектування систем з розподіленими базами даних;Гайдаржи В.І.;https://drive.google.com/file/d/18Yws0I5tIeK0qOYgb3MlNOC0Hv_pGgsK/view?usp=drivesdk;18Yws0I5tIeK0qOYgb3MlNOC0Hv_pGgsK;gaidar;2020-04-29T12:50:00;;
4733191;English Assessment Table;Reinhold Findlay;https://drive.google.com/file/d/1furdYap3_MAYH8VPFoSZfvLQmVzbxzn6/view?usp=drivesdk;;kramarchuk;2020-04-27T16:50:25;;
4733192;Опитування;Reinhold Findlay;https://forms.gle/1qkprT6TZoaUnd2p6;;kramarchuk;2020-04-27T16:50:25;;
6828359;est.mp3;Pavia Schimmang;https://oakley.com/posuere/nonummy.jpg;;admin;;;
3954283;enim.avi;Artair Gallegos;http://jimdo.com/ac/enim/in/tempor/turpis.json;;admin;;;
1628054;tristique_tortor.mpeg;Anthea Molnar;https://squarespace.com/mauris.xml;;admin;;;
2801855;nunc_commodo.avi;Suzie Mawd;http://ustream.tv/duis/ac/nibh/fusce/lacus/purus/aliquet.jpg;;admin;;;
8369784;quisque_erat.avi;Sue Speck;https://parallels.com/sit/amet/consectetuer/adipiscing/elit/proin.xml;;admin;;;
5029294;primis_in_faucibus.avi;Temple Zanutti;http://livejournal.com/at/velit/vivamus/vel/nulla/eget.xml;;admin;;;
9036865;odio_porttitor_id.mp3;Sammy O'Connor;https://g.co/cursus/urna/ut/tellus/nulla/ut/erat.jsp;;admin;;;
8879509;pellentesque_ultrices_phasellus.avi;Teressa Karys;http://goodreads.com/cras.xml;;admin;;;
8668255;orci.mp3;Holly-anne Scudamore;https://wikimedia.org/nulla/eget/eros/elementum.json;;admin;;;
6510023;eget.mp3;Sallie Wayon;https://acquirethisname.com/dictumst/aliquam/augue/quam.jsp;;admin;;;
8507392;vehicula_consequat.avi;Munroe Height;https://people.com.cn/aliquet/at/feugiat/non.json;;admin;;;
2671397;odio_elementum.avi;Kris Gandey;http://icio.us/hac/habitasse/platea/dictumst.jpg;;admin;;;
4812941;turpis.avi;Forbes Ivanets;https://state.gov/nulla/integer/pede/justo/lacinia/eget/tincidunt.json;;admin;;;
7163200;sed_ante_vivamus.mp3;Brucie Tadgell;https://woothemes.com/in/hac/habitasse/platea/dictumst/morbi.aspx;;admin;;;
3640243;quisque.mp3;Misha Piesing;https://boston.com/nisi.png;;admin;;;
8197414;curae.mp3;Kandace Budnk;http://vinaora.com/euismod/scelerisque/quam/turpis/adipiscing/lorem/vitae.jsp;;admin;;;
4102549;id.avi;Clive Lelievre;http://marriott.com/id/nisl/venenatis/lacinia/aenean/sit.json;;admin;;;
7214210;ac_lobortis.mp3;Benyamin Linnitt;https://newsvine.com/ac/est/lacinia/nisi.png;;admin;;;
4670565;congue_elementum_in.mov;Sloane Hendriks;http://omniture.com/molestie/sed.png;;admin;;;
8886330;porta_volutpat_erat.mp3;Cris Morsom;http://yandex.ru/accumsan/tellus/nisi/eu.html;;admin;;;
6246992;ut.avi;Adelind Swatridge;https://people.com.cn/quis/turpis/eget/elit/sodales/scelerisque.xml;;admin;;;
4543908;eu.mp3;Barrie Bendan;http://i2i.jp/molestie/nibh/in/lectus.jpg;;admin;;;
5213224;aliquet.mp3;David Sutcliffe;http://yelp.com/nulla/nunc/purus/phasellus.jpg;;admin;;;
5767091;rhoncus.avi;Minda Iacomo;https://youku.com/eget/elit/sodales.xml;;admin;;;
2275007;nascetur_ridiculus.avi;Arther Balme;https://xinhuanet.com/aenean/fermentum/donec/ut/mauris/eget.js;;admin;;;
8479487;odio.mp3;Kristina Stather;http://blinklist.com/cum/sociis/natoque.xml;;admin;;;
4664681;sollicitudin_ut.mp3;Zerk Buchett;https://parallels.com/vestibulum/sed/magna/at/nunc/commodo/placerat.html;;admin;;;
3702842;interdum_venenatis.mov;Jemmie Goodin;http://yahoo.com/nulla/ut/erat/id.xml;;admin;;;
8669640;cursus.mp3;Aaren Lumbley;https://google.com.hk/augue/vestibulum/rutrum/rutrum.png;;admin;;;
5673470;nulla.mp3;Veda Jose;http://macromedia.com/parturient.jsp;;admin;;;
6165802;ipsum_dolor_sit.avi;Gifford Ciccarelli;http://dyndns.org/duis/bibendum/morbi/non/quam.js;;admin;;;
3613365;id.mp3;Rodolfo Lechmere;https://usgs.gov/augue/vestibulum/ante/ipsum/primis.html;;admin;;;
5433228;vestibulum_sed_magna.mov;Keene Fancutt;http://bigcartel.com/diam.png;;admin;;;
1723104;quis.mpeg;Osbert McGinley;http://drupal.org/libero/quis/orci/nullam.js;;admin;;;
6081926;rutrum.mp3;Linda Levin;https://xinhuanet.com/mauris/vulputate/elementum/nullam/varius.jpg;;admin;;;
2390693;vel_est.avi;Shelley Baulcombe;http://sakura.ne.jp/eu.png;;admin;;;
8246003;nulla.avi;Neddie McJerrow;https://moonfruit.com/nulla/dapibus/dolor.json;;admin;;;
2353703;rutrum_neque.mp3;Reine Juszkiewicz;http://seesaa.net/mauris/vulputate/elementum/nullam.jpg;;admin;;;
7891330;congue.avi;Allene Scraggs;https://seesaa.net/pede/morbi.json;;admin;;;
6080577;felis.avi;Ozzie Haselhurst;https://fema.gov/dui/vel.jpg;;admin;;;
1966086;arcu.mp3;Hi Adlam;https://vimeo.com/suspendisse/potenti.jpg;;admin;;;
4250589;turpis_adipiscing.avi;Coralie Fassmann;http://patch.com/nulla/suscipit/ligula/in/lacus/curabitur.html;;admin;;;
5518383;donec.avi;Paddie Mundie;https://goodreads.com/vitae/ipsum/aliquam/non/mauris/morbi/non.aspx;;admin;;;
2057326;urna_pretium.mp3;Jeannette Robertucci;https://freewebs.com/dapibus.js;;admin;;;
6961790;libero.avi;Willie Greenland;http://loc.gov/duis.jpg;;admin;;;
2645809;posuere_cubilia.avi;Lacie Feather;https://latimes.com/nullam/sit.html;;admin;;;
2283843;integer.mov;Kevon Bentjens;https://bloomberg.com/non.html;;admin;;;
4758526;maecenas.mov;Valli Mabson;https://newsvine.com/integer/tincidunt/ante/vel/ipsum/praesent/blandit.html;;admin;;;
9427712;nulla.mov;Aura McLagan;https://ycombinator.com/risus/auctor.jpg;;admin;;;
8647217;potenti_in_eleifend.mp3;Bren Gobat;http://yellowbook.com/iaculis/congue/vivamus/metus/arcu/adipiscing.png;;admin;;;
1593694;ut.mp3;Tracie Gueny;https://uol.com.br/blandit.png;;admin;;;
8758450;justo_aliquam.mp3;Skippy Manchester;http://lycos.com/vivamus/vestibulum.xml;;admin;;;
2165507;mi_sit.mov;Agace Fann;http://accuweather.com/cras/mi/pede/malesuada/in/imperdiet/et.png;;admin;;;
5691236;duis_at_velit.avi;Aldridge Wattisham;http://bluehost.com/varius/nulla/facilisi/cras.json;;admin;;;
5895019;convallis_duis.mp3;Robinett Fawks;http://is.gd/id/sapien.js;;admin;;;
4885654;in.mov;Vern Reeveley;https://gov.uk/ultrices/vel/augue/vestibulum.png;;admin;;;
6616011;pede.avi;Vinni Mordy;http://g.co/at/lorem/integer/tincidunt/ante.html;;admin;;;
7406291;vestibulum.mpeg;Latisha Fawks;http://bloglovin.com/ipsum/primis.png;;admin;;;
4093308;at_dolor.avi;Garrek Rhydderch;http://google.es/proin/interdum/mauris/non.js;;admin;;;
7952492;velit.avi;Farrell McPeck;https://japanpost.jp/eros/elementum/pellentesque.aspx;;admin;;;
6886999;odio_in_hac.avi;Lorianna Hacard;https://auda.org.au/iaculis/congue/vivamus/metus.jsp;;admin;;;
9734488;odio_in_hac.avi;Lind Blazejewski;https://earthlink.net/sem/praesent/id/massa/id.html;;admin;;;
4392111;non_mauris.avi;Adrien Papa;https://dailymail.co.uk/eu/sapien/cursus/vestibulum/proin.js;;admin;;;
4006747;eu_orci.mp3;Rabbi Vanes;http://g.co/potenti/nullam/porttitor/lacus/at.js;;admin;;;
5073517;in_hac_habitasse.mpeg;Siusan Lebbon;https://shinystat.com/ante/ipsum/primis/in/faucibus/orci/luctus.xml;;admin;;;
1496141;curabitur_gravida.mp3;Clareta Blaxeland;https://slideshare.net/augue/aliquam.json;;admin;;;
6548455;urna_pretium_nisl.mp3;Conny Cuniam;http://reference.com/justo/sollicitudin.js;;admin;;;
1698668;proin.mp3;Perrine Causley;https://ezinearticles.com/ipsum/dolor.aspx;;admin;;;
9315465;eu_felis_fusce.mpeg;Nicolais Cunniam;http://naver.com/sapien/quis/libero/nullam/sit.jpg;;admin;;;
5366878;elementum_nullam_varius.mp3;Dodie Cromett;http://toplist.cz/aliquam/augue/quam/sollicitudin/vitae/consectetuer/eget.png;1;admin;;;
4305548;magnis_dis_parturient.avi;Carmon Schukert;http://hatena.ne.jp/adipiscing/lorem/vitae.html;;admin;;;
1686326;turpis.mov;Raina Rosen;https://sogou.com/ultricies.xml;;admin;;;
1869427;a.avi;Valentine Doige;http://hao123.com/molestie.json;;admin;;;
2031044;sapien_a_libero.avi;Nappy Tayspell;https://webmd.com/tincidunt/nulla/mollis/molestie/lorem/quisque.jsp;;admin;;;
9923666;faucibus_accumsan_odio.mp3;Pebrook Mico;http://nature.com/sed/accumsan/felis/ut/at.xml;;admin;;;
3532545;interdum_mauris_ullamcorper.avi;Randie Frail;https://creativecommons.org/lacinia/sapien/quis.js;;admin;;;
7040321;odio.mp3;Aaron Darling;http://pen.io/pretium/quis/lectus.json;;admin;;;
2014958;in_libero_ut.mp3;Clo Quarmby;https://sphinn.com/ultrices/mattis/odio/donec/vitae.html;;admin;;;
4865652;non_ligula.mov;Jessy Valenti;http://themeforest.net/ac/nibh/fusce/lacus.html;;admin;;;
5791582;at.mp3;Courtney Oakly;http://imgur.com/congue/risus/semper/porta/volutpat.xml;;admin;;;
1221102;aliquam_erat_volutpat.avi;Johny Pistol;http://rakuten.co.jp/amet/sem.png;;admin;;;
9464281;dapibus_duis.mp3;Toby Cashman;http://woothemes.com/dui.png;;admin;;;
9078355;luctus.mov;Marian Borrows;http://reddit.com/luctus/et/ultrices/posuere.jpg;;admin;;;
5714219;quam_suspendisse.avi;Vasily Clarkin;https://plala.or.jp/scelerisque.aspx;;admin;;;
6079142;rutrum.mp3;Kikelia Reinger;https://utexas.edu/quis/orci/nullam/molestie/nibh/in.html;;admin;;;
5900333;morbi_vel.mp3;Odetta Champness;https://sakura.ne.jp/volutpat.png;;admin;;;
6892219;enim.avi;Mayne Keiley;https://google.com/mauris/sit/amet/eros/suspendisse/accumsan.png;;admin;;;
6284436;eget_tincidunt_eget.mp3;Ogden Bibey;https://wiley.com/commodo/vulputate/justo/in.json;;admin;;;
2137704;justo_maecenas_rhoncus.mp3;Glyn Bouldon;http://tiny.cc/et/magnis/dis/parturient/montes.html;;admin;;;
5158406;pellentesque_viverra.avi;Debbie Dunham;https://nyu.edu/justo/pellentesque/viverra/pede/ac/diam/cras.html;;admin;;;
4090876;lobortis_ligula_sit.mp3;Isidoro O'Connel;http://admin.ch/fusce/lacus/purus/aliquet.json;;admin;;;
9485665;integer_non_velit.mpeg;Marlena Kaasman;http://storify.com/imperdiet.xml;;admin;;;
1323181;in_imperdiet_et.avi;Domenic Endicott;http://intel.com/quis/libero/nullam/sit/amet.png;;admin;;;
3121290;aliquam.avi;Arturo Beavis;http://wired.com/turpis/a/pede.html;;admin;;;
6500350;aliquam_quis_turpis.avi;Terrie Hearsum;https://cbc.ca/in/faucibus/orci/luctus.png;;admin;;;
1238695;ut_blandit_non.mp3;Carmine Rentoll;http://telegraph.co.uk/ultricies/eu/nibh/quisque.js;;admin;;;
9018579;leo_maecenas_pulvinar.avi;Sibeal Groucutt;http://constantcontact.com/tortor/id/nulla/ultrices/aliquet.jsp;;admin;;;
8289436;nunc_donec.avi;Janice Stathor;http://chronoengine.com/diam/in/magna/bibendum/imperdiet/nullam/orci.xml;;admin;;;
